  		0
 000	000 	1
 0,018	0,018 	1
 0,04	0,04 	1
 007	007 	1
 008	008 	1
 022	022 	1
 0,25	0,25 	1
 0,4	0,4 	1
 045	045 	1
 088	088 	1
 !	! 	1
 "	" 	1
 "	" 	1
 """"	"""" 	1
 (	( 	1
 )	) 	1
 ,	, 	1
 .	. 	1
 :	: 	1
 ?	? 	1
 –	– 	1
 ”	” 	1
 100	100 	1
 10:1	10:1 	1
 1	1 	1
 111	111 	1
 120	120 	1
 12	12 	1
 128	128 	1
 134	134 	1
 150	150 	1
 15	15 	1
 157	157 	1
 16,43	16,43 	1
 17	17 	1
 18	18 	1
 189	189 	1
 1990	1990 	1
 1996	1996 	1
 200	200 	1
 2007	2007 	1
 2008	2008 	1
 2011	2011 	1
 2011–2014	2011–2014 	1
 2011–2017	2011–2017 	1
 2014	2014 	1
 2014–2016	2014–2016 	1
 2016	2016 	1
 2018	2018 	1
 2019	2019 	1
 2020	2020 	1
 2022	2022 	1
 2023	2023 	1
 2024	2024 	1
 21	21 	1
 234	234 	1
 24	24 	1
 247	247 	1
 250	250 	1
 26	26 	1
 270	270 	1
 271	271 	1
 300	300 	1
 30	30 	1
 3	3 	1
 34	34 	1
 35	35 	1
 36	36 	1
 3,725	3,725 	1
 37	37 	1
 3,743	3,743 	1
 3,75	3,75 	1
 381	381 	1
 38	38 	1
 39	39 	1
 433	433 	1
 43	43 	1
 4	4 	1
 44	44 	1
 467	467 	1
 47	47 	1
 503	503 	1
 50	50 	1
 52	52 	1
 542	542 	1
 54	54 	1
 552	552 	1
 55	55 	1
 57	57 	1
 588	588 	1
 591	591 	1
 599	599 	1
 604	604 	1
 60	60 	1
 612	612 	1
 627	627 	1
 633	633 	1
 63	63 	1
 650	650 	1
 651	651 	1
 65	65 	1
 66	66 	1
 667	667 	1
 668	668 	1
 67	67 	1
 68	68 	1
 687	687 	1
 70	70 	1
 714	714 	1
 77	77 	1
 829	829 	1
 88	88 	1
 913	913 	1
 934	934 	1
 95	95 	1
 96	96 	1
 979	979 	1
 98	98 	1
 9	9 	1
 Aaltola	Aaltola 	1
 Aaltolan	Aaltolan 	1
 äänestäjä	äänestäjä 	1
 Äänestäjille	Äänestäjille 	1
 äänikuningas	äänikuningas 	1
 äänikuningatar	äänikuningatar 	1
 Äänimäärällään	Äänimäärällään 	1
 äänipotti	äänipotti 	1
 äänisaalis	äänisaalis 	1
 affilioituneena	affilioituneena 	1
 Aftonbladetille	Aftonbladetille 	1
 Aftonbladetin	Aftonbladetin 	1
 Ahon	Ahon 	1
 Aiemman	Aiemman 	1
 aika	aika 	1
 aikaisemmin	aikaisemmin 	1
 Aikaisemmin	Aikaisemmin 	1
 aina	aina 	1
 ainakaan	ainakaan 	1
 ainakin	ainakin 	1
 Ainoana	Ainoana 	1
 aio	aio 	1
 Aion	Aion 	1
 aktiivisesti	aktiivisesti 	1
 aktiivista	aktiivista 	1
 Aleksi	Aleksi 	1
 Alexander	Alexander 	1
 Ali	Ali 	1
 alkaen	alkaen 	1
 alkuun	alkuun 	1
 alla	alla 	1
 alle	alle 	1
 Alun	Alun 	1
 alusta	alusta 	1
 analysoi	analysoi 	1
 Andersson	Andersson 	1
 Anderssonia	Anderssonia 	1
 Anderssoniksi	Anderssoniksi 	1
 Anderssonilla	Anderssonilla 	1
 Anderssonille	Anderssonille 	1
 Anderssonin	Anderssonin 	1
 Anderssonista	Anderssonista 	1
 Ansan	Ansan 	1
 Antti	Antti 	1
 Applen	Applen 	1
 argumentoi	argumentoi 	1
 arvioi	arvioi 	1
 arvo	arvo 	1
 asiapentti	asiapentti 	1
 Asuntolainojen	Asuntolainojen 	1
 Aura	Aura 	1
 avoimesti	avoimesti 	1
 avulias	avulias 	1
 avustaja	avustaja 	1
 Bergqvist	Bergqvist 	1
 Big	Big 	1
 bioanalyytikko	bioanalyytikko 	1
 Blokin	Blokin 	1
 Bocchi	Bocchi 	1
 Bocchin	Bocchin 	1
 Britannian	Britannian 	1
 Brother	Brother 	1
 Brysseliin	Brysseliin 	1
 Brysselissä	Brysselissä 	1
 Brysselistä	Brysselistä 	1
 Chituru	Chituru 	1
 demari	demari 	1
 digitalisaatioon	digitalisaatioon 	1
 edelleen	edelleen 	1
 Edellinen	Edellinen 	1
 edes	edes 	1
 Eduskunnassa	Eduskunnassa 	1
 Eduskuntaan	Eduskuntaan 	1
 Eduskuntavaaleissa	Eduskuntavaaleissa 	1
 Eero	Eero 	1
 ehdokas	ehdokas 	1
 ehkä	ehkä 	1
 ei	ei 	1
 Ei	Ei 	1
 eikä	eikä 	1
 Eilisestä	Eilisestä 	1
 eivät	eivät 	1
 EKP	EKP 	1
 EKP:n	EKP:n 	1
 Elinkeinoministeri	Elinkeinoministeri 	1
 Elisa	Elisa 	1
 Elsi	Elsi 	1
 enää	enää 	1
 enemmän	enemmän 	1
 Enemmänkin	Enemmänkin 	1
 en	en 	1
 En	En 	1
 eniten	eniten 	1
 ennakkoon	ennakkoon 	1
 ennätys	ennätys 	1
 ennen	ennen 	1
 Ennen	Ennen 	1
 Ensi	Ensi 	1
 Ensimmäisen	Ensimmäisen 	1
 entinen	entinen 	1
 entiselleen	entiselleen 	1
 EPP:n	EPP:n 	1
 eri	eri 	1
 Erik	Erik 	1
 erittäin	erittäin 	1
 Erityisen	Erityisen 	1
 erityisesti	erityisesti 	1
 Erlandsson	Erlandsson 	1
 Eroa	Eroa 	1
 Ero	Ero 	1
 erottele	erottele 	1
 esiin	esiin 	1
 Esimerkiksi	Esimerkiksi 	1
 Esitutkinta	Esitutkinta 	1
 Esko	Esko 	1
 espoolainen	espoolainen 	1
 etenkin	etenkin 	1
 että	että 	1
 ett	ett 	1
 EU	EU 	1
 euribor	euribor 	1
 euriboria	euriboria 	1
 euriboriin	euriboriin 	1
 euriborin	euriborin 	1
 euriborissa	euriborissa 	1
 Europarlamentaarikon	Europarlamentaarikon 	1
 Europarlamentissa	Europarlamentissa 	1
 Europarlamentti	Europarlamentti 	1
 Europarlamenttiin	Europarlamenttiin 	1
 Europarlamenttivaaleissa	Europarlamenttivaaleissa 	1
 Europarlamenttivaalit	Europarlamenttivaalit 	1
 evp	evp 	1
 Facebookin	Facebookin 	1
 Fed	Fed 	1
 Fennovoimalle	Fennovoimalle 	1
 Gabriel	Gabriel 	1
 Google	Google 	1
 Guzenina	Guzenina 	1
 Haavisto	Haavisto 	1
 Haavistolla	Haavistolla 	1
 Haaviston	Haaviston 	1
 Haglund	Haglund 	1
 halua	halua 	1
 hämeenlinnalainen	hämeenlinnalainen 	1
 Hänen	Hänen 	1
 Hänet	Hänet 	1
 hän	hän 	1
 Hän	Hän 	1
 hankala	hankala 	1
 Hännikäinen	Hännikäinen 	1
 Hannu	Hannu 	1
 häntä	häntä 	1
 hauska	hauska 	1
 he	he 	1
 He	He 	1
 heidän	heidän 	1
 Heidän	Heidän 	1
 Heinäluomaan	Heinäluomaan 	1
 Heinäluoma	Heinäluoma 	1
 Heinäluoman	Heinäluoman 	1
 helsinkiläinen	helsinkiläinen 	1
 Helsinkiläinen	Helsinkiläinen 	1
 hengailla	hengailla 	1
 hengästyttävä	hengästyttävä 	1
 Henna	Henna 	1
 Henrik	Henrik 	1
 Henriksson	Henriksson 	1
 Henrikssonille	Henrikssonille 	1
 heti	heti 	1
 hetkellisesti	hetkellisesti 	1
 Hetken	Hetken 	1
 hetki	hetki 	1
 Historiallinen	Historiallinen 	1
 hiukan	hiukan 	1
 HS:n	HS:n 	1
 huippusuosittu	huippusuosittu 	1
 huolimatta	huolimatta 	1
 huomaa	huomaa 	1
 Hylkäystä	Hylkäystä 	1
 Hymy	Hymy 	1
 hyvin	hyvin 	1
 ihminen	ihminen 	1
 Ihmiset	Ihmiset 	1
 ikävä	ikävä 	1
 Ilkka	Ilkka 	1
 Illalla	Illalla 	1
 Illukka	Illukka 	1
 Ilmaisesta	Ilmaisesta 	1
 ilman	ilman 	1
 ilmasto-	ilmasto- 	1
 Ilmiö-	Ilmiö- 	1
 ilmiselvästi	ilmiselvästi 	1
 Inhimillinen	Inhimillinen 	1
 Instagramin	Instagramin 	1
 Instagramissa	Instagramissa 	1
 isä	isä 	1
 Isompi	Isompi 	1
 Italia	Italia 	1
 Italialaisen	Italialaisen 	1
 Italialla	Italialla 	1
 Italian	Italian 	1
 itse	itse 	1
 itsekseen	itsekseen 	1
 Jacobsin	Jacobsin 	1
 ja	ja 	1
 Ja	Ja 	1
 jakso	jakso 	1
 Jälkeenpäin	Jälkeenpäin 	1
 jälkipyykki	jälkipyykki 	1
 jälleen	jälleen 	1
 Jari	Jari 	1
 jäsen	jäsen 	1
 jätti	jätti 	1
 Jättiyhtiön	Jättiyhtiön 	1
 johtaja	johtaja 	1
 johto	johto 	1
 joitakin	joitakin 	1
 jo	jo 	1
 Jo	Jo 	1
 joka	joka 	1
 joku	joku 	1
 jolla	jolla 	1
 jolloin	jolloin 	1
 jonka	jonka 	1
 Jonkun	Jonkun 	1
 jopa	jopa 	1
 Jopa	Jopa 	1
 jos	jos 	1
 Jos	Jos 	1
 joskus	joskus 	1
 joten	joten 	1
 jotka	jotka 	1
 juhla	juhla 	1
 Juhlat	Juhlat 	1
 Jukka	Jukka 	1
 juoksu	juoksu 	1
 Jussi	Jussi 	1
 Jyrki	Jyrki 	1
 Jyväskylän	Jyväskylän 	1
 käänne	käänne 	1
 Kahden	Kahden 	1
 kahta	kahta 	1
 kaikkein	kaikkein 	1
 kaikki	kaikki 	1
 Kaikki	Kaikki 	1
 Kajsa	Kajsa 	1
 kaksi	kaksi 	1
 kampanjapäällikkö	kampanjapäällikkö 	1
 Kampanjassaan	Kampanjassaan 	1
 kampanjoi	kampanjoi 	1
 Kanervan	Kanervan 	1
 kannalta	kannalta 	1
 Kannasto	Kannasto 	1
 Kannastolle	Kannastolle 	1
 Kannaston	Kannaston 	1
 kannatus	kannatus 	1
 kansalliskonservatiivisemmaksi	kansalliskonservatiivisemmaksi 	1
 Kansanedustaja	Kansanedustaja 	1
 Kansanedustajan	Kansanedustajan 	1
 Kansanedustajuudesta	Kansanedustajuudesta 	1
 Kansansuosion	Kansansuosion 	1
 kanssa	kanssa 	1
 Karppinen	Karppinen 	1
 käsiksi	käsiksi 	1
 kasvatti	kasvatti 	1
 Katainen	Katainen 	1
 Kataisen	Kataisen 	1
 Katri	Katri 	1
 kauas	kauas 	1
 Kaunis	Kaunis 	1
 kautta	kautta 	1
 Käytännössä	Käytännössä 	1
 kello	kello 	1
 kenen	kenen 	1
 kenties	kenties 	1
 kerran	kerran 	1
 kertaa	kertaa 	1
 kertaalleen	kertaalleen 	1
 kesk	kesk 	1
 keskusta	keskusta 	1
 Keskusta	Keskusta 	1
 Keskustan	Keskustan 	1
 kiivaasti	kiivaasti 	1
 Kisaisäntä	Kisaisäntä 	1
 kiukku	kiukku 	1
 kiusaus	kiusaus 	1
 Kivelä	Kivelä 	1
 kokenut	kokenut 	1
 kok	kok 	1
 koko	koko 	1
 Kokoomuksen	Kokoomuksen 	1
 Kokoomus	Kokoomus 	1
 Kolikon	Kolikon 	1
 kolmannes	kolmannes 	1
 kolmas	kolmas 	1
 kolme	kolme 	1
 Kolmen	Kolmen 	1
 kommentointia	kommentointia 	1
 konsepti	konsepti 	1
 Korkoero	Korkoero 	1
 korko	korko 	1
 Korko	Korko 	1
 Korkoliikkeillä	Korkoliikkeillä 	1
 Koroissa	Koroissa 	1
 koska	koska 	1
 Koulutukseltaan	Koulutukseltaan 	1
 kovaa	kovaa 	1
 kovaan	kovaan 	1
 kova	kova 	1
 Kovassa	Kovassa 	1
 Kriitikot	Kriitikot 	1
 kriteeri	kriteeri 	1
 kuin	kuin 	1
 kuitenkaan	kuitenkaan 	1
 kuitenkin	kuitenkin 	1
 kuka	kuka 	1
 Kulmuni	Kulmuni 	1
 Kulmunin	Kulmunin 	1
 kumpikin	kumpikin 	1
 kun	kun 	1
 Kun	Kun 	1
 kunnes	kunnes 	1
 kunta-	kunta- 	1
 Kuopion	Kuopion 	1
 kuten	kuten 	1
 Kuuntele	Kuuntele 	1
 kuvaaja	kuvaaja 	1
 kuvaa	kuvaa 	1
 Kyllönen	Kyllönen 	1
 Kyllösen	Kyllösen 	1
 kymmenen	kymmenen 	1
 kyse	kyse 	1
 Kyse	Kyse 	1
 lähentely	lähentely 	1
 lähes	lähes 	1
 Lähes	Lähes 	1
 lähtien	lähtien 	1
 lailla	lailla 	1
 lainkaan	lainkaan 	1
 lain	lain 	1
 lämmin	lämmin 	1
 Lamont	Lamont 	1
 läpimenijä	läpimenijä 	1
 lapsi	lapsi 	1
 Larssonin	Larssonin 	1
 lento	lento 	1
 Levättävä	Levättävä 	1
 lienee	lienee 	1
 liian	liian 	1
 liikenne-	liikenne- 	1
 Li	Li 	1
 Lindtmanin	Lindtmanin 	1
 linja	linja 	1
 Lin	Lin 	1
 lisäksi	lisäksi 	1
 Lisäksi	Lisäksi 	1
 lopetus	lopetus 	1
 lopulla	lopulla 	1
 lopulta	lopulta 	1
 löydettävä	löydettävä 	1
 lujille	lujille 	1
 lupaa	lupaa 	1
 Lyhyt	Lyhyt 	1
 maa	maa 	1
 Maanantaina	Maanantaina 	1
 mahdollinen	mahdollinen 	1
 mahdollista	mahdollista 	1
 Mai	Mai 	1
 Marcell	Marcell 	1
 Maria	Maria 	1
 Marinin	Marinin 	1
 Marin	Marin 	1
 Markkinoiden	Markkinoiden 	1
 Matrix	Matrix 	1
 Matti	Matti 	1
 me	me 	1
 mepiksi	mepiksi 	1
 mepin	mepin 	1
 meppiä	meppiä 	1
 Meppien	Meppien 	1
 meppinä	meppinä 	1
 meppipaikkaan	meppipaikkaan 	1
 meppiuraansa	meppiuraansa 	1
 Merja	Merja 	1
 merkittävä	merkittävä 	1
 merkittävästi	merkittävästi 	1
 merkitys	merkitys 	1
 Metan	Metan 	1
 Mia	Mia 	1
 Microsoft	Microsoft 	1
 mielestä	mielestä 	1
 Miesten	Miesten 	1
 mikään	mikään 	1
 mikäli	mikäli 	1
 Mika	Mika 	1
 mikä	mikä 	1
 Miksi	Miksi 	1
 miljoona	miljoona 	1
 Millainen	Millainen 	1
 Millä	Millä 	1
 milloin	milloin 	1
 minut	minut 	1
 missä	missä 	1
 mistä	mistä 	1
 mitalisaldo	mitalisaldo 	1
 mitä	mitä 	1
 miten	miten 	1
 Mitkä	Mitkä 	1
 mittaa	mittaa 	1
 Modigin	Modigin 	1
 moni	moni 	1
 Moni	Moni 	1
 muassa	muassa 	1
 Muiden	Muiden 	1
 mukaan	mukaan 	1
 mukava	mukava 	1
 mutta	mutta 	1
 Mutta	Mutta 	1
 muu	muu 	1
 muutama	muutama 	1
 Muut	Muut 	1
 muutos	muutos 	1
 myöhemmin	myöhemmin 	1
 myöskään	myöskään 	1
 myös	myös 	1
 Myös	Myös 	1
 myötä	myötä 	1
 nähtävissä	nähtävissä 	1
 Nainen	Nainen 	1
 näin	näin 	1
 Näin	Näin 	1
 Näitä	Näitä 	1
 näköinen	näköinen 	1
 näkyvissä	näkyvissä 	1
 nämä	nämä 	1
 Natoon	Natoon 	1
 näytä	näytä 	1
 Näytti	Näytti 	1
 ne	ne 	1
 Niinistö	Niinistö 	1
 Niinistön	Niinistön 	1
 niin	niin 	1
 niistä	niistä 	1
 nimittäin	nimittäin 	1
 noin	noin 	1
 no	no 	1
 No	No 	1
 Nordnetin	Nordnetin 	1
 Nordnet	Nordnet 	1
 nosta	nosta 	1
 nousu	nousu 	1
 Nousu	Nousu 	1
 Nvidiaa	Nvidiaa 	1
 Nvidian	Nvidian 	1
 Nvidia	Nvidia 	1
 Nytkin	Nytkin 	1
 nyt	nyt 	1
 Nyt	Nyt 	1
 Odotukset	Odotukset 	1
 ohi	ohi 	1
 Ohisalo	Ohisalo 	1
 Oksaharju	Oksaharju 	1
 olemaan	olemaan 	1
 ole	ole 	1
 olleet	olleet 	1
 ollut	ollut 	1
 oma	oma 	1
 Omistettujen	Omistettujen 	1
 Onko	Onko 	1
 onnistunut	onnistunut 	1
 on	on 	1
 OP:n	OP:n 	1
 OP	OP 	1
 osaa	osaa 	1
 osake	osake 	1
 osakestrategi	osakestrategi 	1
 osa	osa 	1
 osin	osin 	1
 oululainen	oululainen 	1
 ovat	ovat 	1
 Pääoma-	Pääoma- 	1
 Pääpöytäkirjan	Pääpöytäkirjan 	1
 pääse	pääse 	1
 Paavo	Paavo 	1
 pahemmin	pahemmin 	1
 paikalle	paikalle 	1
 paikalta	paikalta 	1
 paikkaa	paikkaa 	1
 paikkamäärä	paikkamäärä 	1
 Päivän	Päivän 	1
 pakitti	pakitti 	1
 palaa	palaa 	1
 paljon	paljon 	1
 palkitse	palkitse 	1
 palvelinkeskuksissa	palvelinkeskuksissa 	1
 panna	panna 	1
 paras	paras 	1
 paremmin	paremmin 	1
 parhaiten	parhaiten 	1
 parissa	parissa 	1
 Pekka	Pekka 	1
 pelaa	pelaa 	1
 peräti	peräti 	1
 perille	perille 	1
 perin	perin 	1
 perinteisesti	perinteisesti 	1
 Perinteisesti	Perinteisesti 	1
 Persoonilla	Persoonilla 	1
 Perussuomalaiset	Perussuomalaiset 	1
 Perussuomalaisilla	Perussuomalaisilla 	1
 Perussuomalaisille	Perussuomalaisille 	1
 Perussuomalaisten	Perussuomalaisten 	1
 pettymys	pettymys 	1
 Pettymys	Pettymys 	1
 pian	pian 	1
 Pidemmän	Pidemmän 	1
 pietarsaarelaiselle	pietarsaarelaiselle 	1
 Pietikäinen	Pietikäinen 	1
 Pihlströmin	Pihlströmin 	1
 piste	piste 	1
 poika	poika 	1
 pois	pois 	1
 Poliisin	Poliisin 	1
 poliisi	poliisi 	1
 poliitiikka	poliitiikka 	1
 poliittista	poliittista 	1
 Presidentinvaaleissakin	Presidentinvaaleissakin 	1
 ps	ps 	1
 Punavihreän	Punavihreän 	1
 puntaroi	puntaroi 	1
 puoleen	puoleen 	1
 puolesta	puolesta 	1
 puoli	puoli 	1
 puolisen	puolisen 	1
 puoliso	puoliso 	1
 Puolueen	Puolueen 	1
 Puolueessa	Puolueessa 	1
 puolue	puolue 	1
 puoluiden	puoluiden 	1
 Puolustusvoimissa	Puolustusvoimissa 	1
 Purran	Purran 	1
 raju	raju 	1
 rasti	rasti 	1
 -realityohjelman	-realityohjelman 	1
 Riikka	Riikka 	1
 Riittää	Riittää 	1
 riittävästi	riittävästi 	1
 rikostarkastaja	rikostarkastaja 	1
 Rinteen	Rinteen 	1
 Rkp:n	Rkp:n 	1
 rkp	rkp 	1
 Rkp	Rkp 	1
 Rooman	Rooman 	1
 runsaasti	runsaasti 	1
 Ruotsalaisista	Ruotsalaisista 	1
 Ruotsin	Ruotsin 	1
 Ruotsissa	Ruotsissa 	1
 Ruotsista	Ruotsista 	1
 Rydmaniin	Rydmaniin 	1
 Rydmanin	Rydmanin 	1
 Ryhmän	Ryhmän 	1
 saa	saa 	1
 saavutus	saavutus 	1
 salassa	salassa 	1
 salaus	salaus 	1
 Salaus	Salaus 	1
 Salla	Salla 	1
 Samaan	Samaan 	1
 samalla	samalla 	1
 Samuel	Samuel 	1
 Sanna	Sanna 	1
 Sanomien	Sanomien 	1
 Sanomissa	Sanomissa 	1
 Saramolle	Saramolle 	1
 Saramo	Saramo 	1
 Sdp:n	Sdp:n 	1
 Sdp	Sdp 	1
 SDP	SDP 	1
 Sdp:ssä	Sdp:ssä 	1
 Sdp:tä	Sdp:tä 	1
 sd	sd 	1
 Sebastian	Sebastian 	1
 seitsemän	seitsemän 	1
 sekä	sekä 	1
 selity	selity 	1
 selvästi	selvästi 	1
 seniorimarkkinaekonomisti	seniorimarkkinaekonomisti 	1
 sen	sen 	1
 Sen	Sen 	1
 sentään	sentään 	1
 se	se 	1
 Se	Se 	1
 Seuraavaksi	Seuraavaksi 	1
 Seuraavat	Seuraavat 	1
 seuraus	seuraus 	1
 shokissa	shokissa 	1
 siellä	siellä 	1
 Siellä	Siellä 	1
 Signaali	Signaali 	1
 siihen	siihen 	1
 Siinä	Siinä 	1
 siis	siis 	1
 sijainti	sijainti 	1
 Siksi	Siksi 	1
 sillä	sillä 	1
 Sillä	Sillä 	1
 Silvia	Silvia 	1
 sinne	sinne 	1
 Sirpa	Sirpa 	1
 siruyhtiö	siruyhtiö 	1
 sisään	sisään 	1
 sisällä	sisällä 	1
 sitä	sitä 	1
 Sitä	Sitä 	1
 sittenkään	sittenkään 	1
 sitten	sitten 	1
 sokea	sokea 	1
 Solariksen	Solariksen 	1
 some	some 	1
 some-	some- 	1
 somessa	somessa 	1
 Sometutkija	Sometutkija 	1
 someviestinnässä	someviestinnässä 	1
 sosiaali-	sosiaali- 	1
 splittaus	splittaus 	1
 Stubbin	Stubbin 	1
 Stubb	Stubb 	1
 Suhaan	Suhaan 	1
 summaa	summaa 	1
 suomalaista	suomalaista 	1
 Suomussalmelainen	Suomussalmelainen 	1
 suoraan	suoraan 	1
 suorastaan	suorastaan 	1
 suoritus	suoritus 	1
 Suuren	Suuren 	1
 suuri	suuri 	1
 syy	syy 	1
 Syyttäjät	Syyttäjät 	1
 taas	taas 	1
 tahti	tahti 	1
 tai	tai 	1
 takaisin	takaisin 	1
 takana	takana 	1
 takia	takia 	1
 Takkulan	Takkulan 	1
 Tällainen	Tällainen 	1
 Tällä	Tällä 	1
 talous-	talous- 	1
 tämä	tämä 	1
 Tämä	Tämä 	1
 tänään	tänään 	1
 tappio	tappio 	1
 tarjolla	tarjolla 	1
 tarkkaan	tarkkaan 	1
 tarkoitus	tarkoitus 	1
 tarpeeksi	tarpeeksi 	1
 tarvitse	tarvitse 	1
 Tässä	Tässä 	1
 tästä	tästä 	1
 Taustalla	Taustalla 	1
 tehoa	tehoa 	1
 tehtävä	tehtävä 	1
 Tekoälybuumille	Tekoälybuumille 	1
 Tekoälyssä	Tekoälyssä 	1
 teollista	teollista 	1
 teollisuus-	teollisuus- 	1
 tiedä	tiedä 	1
 Timo	Timo 	1
 Tobia	Tobia 	1
 todella	todella 	1
 toimi	toimi 	1
 toisaalta	toisaalta 	1
 toiseksi	toiseksi 	1
 toisen	toisen 	1
 toistaiseksi	toistaiseksi 	1
 toive	toive 	1
 toivottavasti	toivottavasti 	1
 token	token 	1
 torniolainen	torniolainen 	1
 Tornion	Tornion 	1
 Torstain	Torstain 	1
 Toveri	Toveri 	1
 Treagro	Treagro 	1
 Tregaron	Tregaron 	1
 Tregaro	Tregaro 	1
 tukija	tukija 	1
 tuli	tuli 	1
 tulosta	tulosta 	1
 tulos	tulos 	1
 tuolloin	tuolloin 	1
 tuomaristo	tuomaristo 	1
 Tuomaristo	Tuomaristo 	1
 Turkulainen	Turkulainen 	1
 Turkuun	Turkuun 	1
 turvin	turvin 	1
 Tutkijan	Tutkijan 	1
 tutkija	tutkija 	1
 tutkimus-	tutkimus- 	1
 tuttu	tuttu 	1
 tuusulalainen	tuusulalainen 	1
 Tynkkynen	Tynkkynen 	1
 Tynkkysen	Tynkkysen 	1
 työasunto	työasunto 	1
 Työllisyys-	Työllisyys- 	1
 työpaikka	työpaikka 	1
 työ	työ 	1
 tyypillisesti	tyypillisesti 	1
 Tyypillistä	Tyypillistä 	1
 Ukrainaan	Ukrainaan 	1
 Ukrainan	Ukrainan 	1
 ulkona	ulkona 	1
 Ulkopoliittisen	Ulkopoliittisen 	1
 ulko-	ulko- 	1
 Uransa	Uransa 	1
 usein	usein 	1
 uusi	uusi 	1
 Uutispodcastissa	Uutispodcastissa 	1
 Vaaleja	Vaaleja 	1
 Vaalien	Vaalien 	1
 Vaalit	Vaalit 	1
 Vaalivalvojaisia	Vaalivalvojaisia 	1
 Vaalivalvojaisissa	Vaalivalvojaisissa 	1
 vaan	vaan 	1
 vaara	vaara 	1
 vähän	vähän 	1
 vahvasti	vahvasti 	1
 vahva	vahva 	1
 vaikka	vaikka 	1
 Vaikka	Vaikka 	1
 vaikuta	vaikuta 	1
 Vaikuttaa	Vaikuttaa 	1
 vaille	vaille 	1
 vain	vain 	1
 väistyvä	väistyvä 	1
 vai	vai 	1
 väkisin	väkisin 	1
 väki	väki 	1
 välistä	välistä 	1
 välittömästi	välittömästi 	1
 Valitut	Valitut 	1
 valtava	valtava 	1
 Valtiovarainministeriksi	Valtiovarainministeriksi 	1
 Valtiovarainministerin	Valtiovarainministerin 	1
 välttämättä	välttämättä 	1
 Vanhasen	Vanhasen 	1
 vantaalainen	vantaalainen 	1
 varmasti	varmasti 	1
 Varsinainen	Varsinainen 	1
 varsinkin	varsinkin 	1
 varsin	varsin 	1
 varten	varten 	1
 vasemmistolainen	vasemmistolainen 	1
 Vasemmistoliiton	Vasemmistoliiton 	1
 Vasemmistoliitto	Vasemmistoliitto 	1
 vastaan	vastaan 	1
 vasta	vasta 	1
 vas	vas 	1
 Vauhti	Vauhti 	1
 Väyrynen	Väyrynen 	1
 Venäjän	Venäjän 	1
 -vertailun	-vertailun 	1
 Vertailun	Vertailun 	1
 -vertailussa	-vertailussa 	1
 vielä	vielä 	1
 Vielä	Vielä 	1
 Viesteissä	Viesteissä 	1
 viestijä	viestijä 	1
 viestinnälliset	viestinnälliset 	1
 viestintä	viestintä 	1
 viesti	viesti 	1
 vihainen	vihainen 	1
 vihervasemmistolaista	vihervasemmistolaista 	1
 Vihreät	Vihreät 	1
 vihreä	vihreä 	1
 Vihreiden	Vihreiden 	1
 vihr	vihr 	1
 Viidennen	Viidennen 	1
 Viimeaikaisten	Viimeaikaisten 	1
 viimeinen	viimeinen 	1
 viimeiseksi	viimeiseksi 	1
 Viimeisimpänä	Viimeisimpänä 	1
 viimeistä	viimeistä 	1
 viimeksi	viimeksi 	1
 viime	viime 	1
 Viime	Viime 	1
 viittaa	viittaa 	1
 Ville	Ville 	1
 virallisesti	virallisesti 	1
 virhe	virhe 	1
 Virhe	Virhe 	1
 Virkkunen	Virkkunen 	1
 Virkkusta	Virkkusta 	1
 voi	voi 	1
 Vornasen	Vornasen 	1
 Vuoden	Vuoden 	1
 Vuodesta	Vuodesta 	1
 vuonna	vuonna 	1
 Vuonna	Vuonna 	1
 vuosi	vuosi 	1
 Vyörystä	Vyörystä 	1
 Wallmark	Wallmark 	1
 Wille	Wille 	1
 Yannick	Yannick 	1
 yhä	yhä 	1
 Yhden	Yhden 	1
 Yhdysvalloissa	Yhdysvalloissa 	1
 Yhdysvaltain	Yhdysvaltain 	1
 yhtä	yhtä 	1
 yhteensä	yhteensä 	1
 Yhteensä	Yhteensä 	1
 yhteen	yhteen 	1
 yhteiskuntasuhde­johtajana	yhteiskuntasuhde­johtajana 	1
 yhteys	yhteys 	1
 Yhtiön	Yhtiön 	1
 yhtiö	yhtiö 	1
 Ykkösenä	Ykkösenä 	1
 YK:n	YK:n 	1
 yksinään	yksinään 	1
 yksin	yksin 	1
 Yksittäisen	Yksittäisen 	1
 yksi	yksi 	1
 Yksi	Yksi 	1
 yleisesti	yleisesti 	1
 Yleisurheilun	Yleisurheilun 	1
 Ylelle	Ylelle 	1
 Ylen	Ylen 	1
 Ylivoimaisesti	Ylivoimaisesti 	1
 yli	yli 	1
 yllätys	yllätys 	1
 ylöspäin	ylöspäin 	1
 Ympäristöasioiden	Ympäristöasioiden 	1
 Yrityksen	Yrityksen 	1
 500:lla	500:-lla 	2
 aamulla	aamu-lla 	2
 äänellä	ääne-llä 	2
 äänen	ääne-n 	2
 äänestäjäkunnan	äänestäjäkunna-n 	2
 äänestäjät	äänestäjä-t 	2
 äänesti	äänest-i 	2
 äänestyksessä	äänestykse-ssä 	2
 äänestyspäätökseen	äänestyspäätökse-en 	2
 äänestyspäätökselle	äänestyspäätökse-lle 	2
 äänestysprosentti	äänestys-prosentti 	2
 äänet	ääne-t 	2
 ääniharava	ääni-harava 	2
 äänikuninkaaksi	äänikuninkaa-ksi 	2
 äänimäärä	ääni-määrä 	2
 äänisaaliin	äänisaalii-n 	2
 ääntä	ään-tä 	2
 aiemman	aiemma-n 	2
 aiemmasta	aiemma-sta 	2
 aiheuttaa	aiheutta-a 	2
 aikaa	aika-a 	2
 aikaiset	aikaise-t 	2
 aikoo	aiko-o 	2
 aineiston	aineisto-n 	2
 ajalla	aja-lla 	2
 ajanut	aja-nut 	2
 ajatella	ajatell-a 	2
 aktiivisuuden	aktiivisuude-n 	2
 alkaa	alka-a 	2
 alkanut	alka-nut 	2
 alkoi	alko-i 	2
 alkuvuonna	alku-vuonna 	2
 aloitettiin	aloitet-tiin 	2
 alussa	alus-sa 	2
 Andersson-ilmiöstä	Andersson-ilmiöstä 	2
 Anna-Maja	Anna-Maja 	2
 antaa	anta-a 	2
 arkkunsa	arkku-nsa 	2
 arvelee	arvele-e 	2
 arvioitu	arvioi-tu 	2
 arvion	arvio-n 	2
 arvoiseksi	arvoise-ksi 	2
 arvokartalla	arvokarta-lla 	2
 arvoon	arvo-on 	2
 arvostetaan	arvoste-taan 	2
 asemaa	asema-a 	2
 asettanut	asetta-nut 	2
 asiakasviestillä	asiakasviesti-llä 	2
 asiaosaamista	asiaosaamis-ta 	2
 asiapoliitikon	asiapoliitiko-n 	2
 asiasta	asia-sta 	2
 asiat	asia-t 	2
 A-Studio	A-Studio 	2
 asuntovelallisten	asuntovelallis-ten 	2
 aurinkoisessa	aurinkoise-ssa 	2
 avasi	avas-i 	2
 avoimin	avoim-in 	2
 avustajana	avustaja-na 	2
 biljoonan	biljoona-n 	2
 blokin	bloki-n 	2
 blokkiin	blokki-in 	2
 buukattu	buukat-tu 	2
 datanomi	data-nomi 	2
 dollarin	dollari-n 	2
 edellisessä	edellise-ssä 	2
 ehdokaslista	ehdokas-lista 	2
 ehdokasta	ehdokas-ta 	2
 ehdokkaana	ehdokkaa-na 	2
 ehdokkaan	ehdokkaa-n 	2
 ehdokkaansa	ehdokkaa-nsa 	2
 ehdokkaat	ehdokkaa-t 	2
 ehdolla	ehdo-lla 	2
 ehti	eht-i 	2
 eli	el-i 	2
 EM-hopeaa	EM-hopeaa 	2
 EM-kisat|Ruotsalaisten	EM-kisat|Ruotsalaisten 	2
 EM-kisoissa	EM-kisoissa 	2
 ennakoitu	ennakoi-tu 	2
 ennätyksen	ennätykse-n 	2
 ennestään	ennestä-än 	2
 ensimmäisellä	ensimmäise-llä 	2
 ensimmäiselle	ensimmäise-lle 	2
 ensimmäisen	ensimmäise-n 	2
 ensimmäistä	ensimmäis-tä 	2
 epäillä	epäill-ä 	2
 epäilty	epäil-ty 	2
 epäonnistui	epäonnistu-i 	2
 erityisen	erityise-n 	2
 eronnut	eron-nut 	2
 erosi	eros-i 	2
 erot	ero-t 	2
 erottua	erottu-a 	2
 esiintyi	esiinty-i 	2
 esitutkinta	esi-tutkinta 	2
 etsivät	etsivä-t 	2
 etua	etu-a 	2
 etukäteen	etu-käteen 	2
 EU:n	EU:-n 	2
 euroalueen	euroaluee-n 	2
 euron	euro-n 	2
 Euroopan	Euroopa-n 	2
 eurooppalaisen	eurooppalaise-n 	2
 eurovaalikoneen	eurovaalikonee-n 	2
 eurovaalitulos	eurovaali-tulos 	2
 eurovaaliyllätykselle	eurovaaliyllätykse-lle 	2
 faktaan	fakta-an 	2
 faktan	fakta-n 	2
 finaaliin	finaali-in 	2
 finaalipaikan	finaalipaika-n 	2
 Flow-festivaaleille	Flow-festivaaleille 	2
 gallupit	gallupi-t 	2
 gallup-kannatuksen	gallupkannatukse-n 	2
 gradun	gradu-n 	2
 haastattelussa	haastattelu-ssa 	2
 haaveiltiin	haaveil-tiin 	2
 haihtuminen	haihtu-minen 	2
 haki	hak-i 	2
 hallintoministerinä	hallintoministeri-nä 	2
 hallitukseen	hallitukse-en 	2
 hallituksen	hallitukse-n 	2
 hallituksessa	hallitukse-ssa 	2
 hallituksesta	hallitukse-sta 	2
 hallitusratkaisut	hallitusratkaisu-t 	2
 hallitusta	hallitus-ta 	2
 halusi	halus-i 	2
 hänellä	häne-llä 	2
 hänelle	häne-lle 	2
 hänen	häne-n 	2
 hävitä	hävit-ä 	2
 Helsingin	Helsingi-n 	2
 henkilöä	henkilö-ä 	2
 henkilöiden	henkilöid-en 	2
 henkilöityy	henkilöity-y 	2
 henkilökohtainen	henkilö-kohtainen 	2
 henkilönä	henkilö-nä 	2
 henkilövaalit	henkilövaali-t 	2
 heränneensä	herännee-nsä 	2
 herkässä	herkä-ssä 	2
 hetkeen	hetke-en 	2
 hetkellä	hetke-llä 	2
 hieraista	hieraist-a 	2
 hinnalla	hinna-lla 	2
 hinnasta	hinna-sta 	2
 hinnoitellaan	hinnoitel-laan 	2
 hipsuttelusta	hipsuttelu-sta 	2
 historian	historia-n 	2
 hoitaa	hoita-a 	2
 hopealla	hopea-lla 	2
 huomauttaa	huomautta-a 	2
 hurmoksellinen	hurmokse-llinen 	2
 hylätä	hylät-ä 	2
 hyötyä	hyöty-ä 	2
 hyväksyttävää	hyväksyttävä-ä 	2
 hyvän	hyvä-n 	2
 hyvässä	hyvä-ssä 	2
 hyvinkin	hyvin-kin 	2
 ihmisen	ihmise-n 	2
 ihmiset	ihmise-t 	2
 ihmisten	ihmis-ten 	2
 ilmoitti	ilmoitt-i 	2
 iloisena	iloise-na 	2
 iloitsee	iloitse-e 	2
 iltakin	ilta-kin 	2
 inflaatiokehityksellä	inflaatiokehitykse-llä 	2
 inhimillisen	inhimillise-n 	2
 Instagram-vaalit	Instagram-vaalit 	2
 instituutin	instituuti-n 	2
 irronnut	irron-nut 	2
 isäntämaa	isäntä-maa 	2
 isoon	iso-on 	2
 isot	iso-t 	2
 istunut	istu-nut 	2
 istuu	istu-u 	2
 itselle	itse-lle 	2
 itsensä	itse-nsä 	2
 jäädä	jääd-ä 	2
 jäämässä	jäämä-ssä 	2
 jäi	jä-i 	2
 jakaminen	jaka-minen 	2
 jälkeen	jälke-en 	2
 jälkipyykin	jälkipyyki-n 	2
 Jan-Erik	Jan-Erik 	2
 järjestellä	järjestell-ä 	2
 järjestöuran	järjestöura-n 	2
 järjestyy	järjesty-y 	2
 jäseneksi	jäsene-ksi 	2
 jäsenenä	jäsene-nä 	2
 jäsenyydet	jäsenyyde-t 	2
 jatkaa	jatka-a 	2
 jatkuu	jatku-u 	2
 jatkuvat	jatkuva-t 	2
 jättää	jättä-ä 	2
 johtajuutta	johtajuut-ta 	2
 johtanut	johta-nut 	2
 johti	joht-i 	2
 jossa	jo-ssa 	2
 joukkoon	joukko-on 	2
 joukossa	jouko-ssa 	2
 joutui	joutu-i 	2
 juhlaa	juhla-a 	2
 juhlat	juhla-t 	2
 juhlii	juhli-i 	2
 julkisuuteen	julkisuute-en 	2
 juoksen	juokse-n 	2
 juossut	juos-sut 	2
 juryn	jury-n 	2
 juttua	juttu-a 	2
 jutun	jutu-n 	2
 jutussa	jutu-ssa 	2
 jyväskyläläinen	jyvä-skyläläinen 	2
 käännytään	käänny-tään 	2
 käännytyslaissa	käännytyslai-ssa 	2
 kääntöpuoli	kääntö-puoli 	2
 kabinetissa	kabineti-ssa 	2
 kahdeksanneksi	kahdeksanne-ksi 	2
 kahdella	kahde-lla 	2
 kahteen	kahte-en 	2
 kaikkea	kaikke-a 	2
 kaltaiseksi	kaltaise-ksi 	2
 kampanjoinut	kampanjoi-nut 	2
 kannattaa	kannatta-a 	2
 kannattajat	kannattaja-t 	2
 kannattavuutta	kannattavuut-ta 	2
 kansanedustaja	kansan-edustaja 	2
 kansan	kansa-n 	2
 kappaletta	kappalet-ta 	2
 karsintaan	karsinta-an 	2
 kasvua	kasvu-a 	2
 katetta	katet-ta 	2
 kaudella	kaude-lla 	2
 kauden	kaude-n 	2
 kaupankäynti	kaupan-käynti 	2
 käydä	käyd-ä 	2
 käynyt	käy-nyt 	2
 käytetään	käyte-tään 	2
 käytetyn	käytety-n 	2
 käytöksestä	käytökse-stä 	2
 kehittyminen	kehitty-minen 	2
 kehuu	kehu-u 	2
 kenraalimajuri	kenraali-majuri 	2
 keräsi	keräs-i 	2
 kertoo	kerto-o 	2
 kertynyt	kerty-nyt 	2
 kesällä	kesä-llä 	2
 kesänä	kesä-nä 	2
 kesästä	kesä-stä 	2
 keskilinjan	keskilinja-n 	2
 keskiössä	keskiö-ssä 	2
 keskittynyt	keskitty-nyt 	2
 keskuspankki	keskus-pankki 	2
 keväällä	kevää-llä 	2
 kevään	kevää-n 	2
 kierrokselle	kierrokse-lle 	2
 kihinävaiheen	kihinävaihee-n 	2
 kirittänyt	kirittä-nyt 	2
 kirjattiin	kirjat-tiin 	2
 kirjoitti	kirjoitt-i 	2
 kisapäivän	kisapäivä-n 	2
 koettiin	koet-tiin 	2
 koettu	koet-tu 	2
 koetusta	koetus-ta 	2
 kohut	kohu-t 	2
 kokeneen	kokenee-n 	2
 koki	kok-i 	2
 kokonaisarvo	kokonais-arvo 	2
 kokoomuksen	kokoomukse-n 	2
 kokoomusehdokkuuden	kokoomusehdokkuude-n 	2
 kokoomusta	kokoomus-ta 	2
 kolmanneksi	kolmanne-ksi 	2
 kolmeen	kolme-en 	2
 kolmella	kolme-lla 	2
 kolmen	kolme-n 	2
 kolmesta	kolme-sta 	2
 kolmiloikkavalmentaja	kolmi-loikkavalmentaja 	2
 komissaariehdokkaaksi	komissaariehdokkaa-ksi 	2
 komissaarikaudella	komissaarikaude-lla 	2
 komissaariksi	komissaari-ksi 	2
 kommentoinut	kommentoi-nut 	2
 korjaantui	korjaantu-i 	2
 korkeampi	korkea-mpi 	2
 korkoa	korko-a 	2
 korkojohdannaiset	korkojohdannaise-t 	2
 koron	koro-n 	2
 korostaa	korosta-a 	2
 korruptoitunut	korruptoitu-nut 	2
 koskee	koske-e 	2
 kuitata	kuitat-a 	2
 kullalla	kulla-lla 	2
 kuluva	kulu-va 	2
 kunnian	kunnia-n 	2
 kuntaministerinä	kuntaministeri-nä 	2
 kuplaksi	kupla-ksi 	2
 kutistui	kutistu-i 	2
 kutsuttiin	kutsut-tiin 	2
 kuullut	kuul-lut 	2
 kuvaavat	kuvaava-t 	2
 kuvailee	kuvaile-e 	2
 kuvassa	kuva-ssa 	2
 kuvitteli	kuvittel-i 	2
 kymmeneksi	kymmene-ksi 	2
 kymmenkertaistui	kymmenkertaistu-i 	2
 kyseessä	kysee-ssä 	2
 kysyy	kysy-y 	2
 lähdössä	lähdö-ssä 	2
 läheiset	läheise-t 	2
 lähettää	lähettä-ä 	2
 lähtee	lähte-e 	2
 laihan	laiha-n 	2
 laskettiin	lasket-tiin 	2
 laskettu	lasket-tu 	2
 laskuodotusten	laskuodotus-ten 	2
 lauotaan	lauo-taan 	2
 levätä	levät-ä 	2
 liikenteen	liikentee-n 	2
 liikkeet	liikkee-t 	2
 liittyy	liitty-y 	2
 linjan	linja-n 	2
 linjassa	linja-ssa 	2
 linjasta	linja-sta 	2
 lisäpaikalla	lisäpaika-lla 	2
 lisäpaikan	lisäpaika-n 	2
 listalle	lista-lle 	2
 listan	lista-n 	2
 lohdun	lohdu-n 	2
 loikki	loikk-i 	2
 loikkiminen	loikki-minen 	2
 loitontaa	loitonta-a 	2
 lomaa	loma-a 	2
 lopun	lopu-n 	2
 löytää	löytä-ä 	2
 löytyi	löyty-i 	2
 lukumäärä	luku-määrä 	2
 luonnonsuojelu-	luonnon-suojelu- 	2
 luopua	luopu-a 	2
 luopui	luopu-i 	2
 luottaa	luotta-a 	2
 luulla	luull-a 	2
 maailman	maailma-n 	2
 maanantaihin	maanantai-hin 	2
 maanantaina	maanantai-na 	2
 maan	maa-n 	2
 mahdollisuutta	mahdollisuut-ta 	2
 mahtaa	mahta-a 	2
 maratonin	maratoni-n 	2
 Marin-ilmiö	Marin-ilmiö 	2
 Marin-ilmiöstä	Marin-ilmiöstä 	2
 markkina-arvo	markkina-arvo 	2
 markkinapsykologisesta	markkinapsykologise-sta 	2
 matalan	matala-n 	2
 median	media-n 	2
 mediassa	media-ssa 	2
 menestyksen	menestykse-n 	2
 menestyksensä	menestykse-nsä 	2
 menettää	menettä-ä 	2
 menetti	menett-i 	2
 merkitystä	merkitys-tä 	2
 metrillä	metri-llä 	2
 mielestään	mielestä-än 	2
 mielin	mieli-n 	2
 miesten	mies-ten 	2
 millaista	millais-ta 	2
 minkäs	minkä-s 	2
 mitalia	mitali-a 	2
 mitalitaulukkoa	mitalitaulukko-a 	2
 mitalit	mitali-t 	2
 mökillä	möki-llä 	2
 monen	mone-n 	2
 mukanaan	mukana-an 	2
 muodollista	muodollis-ta 	2
 muun	muu-n 	2
 muut	muu-t 	2
 muutosta	muutos-ta 	2
 muuttui	muuttu-i 	2
 muuttunut	muuttu-nut 	2
 myötäilee	myötäile-e 	2
 naamalla	naama-lla 	2
 nähdä	nähd-ä 	2
 nähnyt	näh-nyt 	2
 naiset	naise-t 	2
 naisten	nais-ten 	2
 näkee	näke-e 	2
 näkyi	näky-i 	2
 näkyvyydestä	näkyvyyde-stä 	2
 näkyy	näky-y 	2
 nauraa	naura-a 	2
 naurettiin	nauret-tiin 	2
 neljään	neljä-än 	2
 neljännestä	neljännes-tä 	2
 neuvottelut	neuvottelu-t 	2
 Nordnet-palvelun	Nordnet-palvelun 	2
 nostaa	nosta-a 	2
 nousee	nouse-e 	2
 nousi	nous-i 	2
 noussut	nous-sut 	2
 nousukiitoa	nousukiito-a 	2
 nousussa	nousu-ssa 	2
 noususta	nousu-sta 	2
 nousuvaraa	nousuvara-a 	2
 nuorten	nuor-ten 	2
 Nvidia-omistuksien	Nvidia-omistuksien 	2
 Nvidia-osake	Nvidia-osake 	2
 Nvidia-osakkeeksi	Nvidia-osakkeeksi 	2
 nykiä	nyki-ä 	2
 nykyisen	nykyise-n 	2
 nykyistä	nykyis-tä 	2
 odoteta	odote-ta 	2
 odotukset	odotukse-t 	2
 ohittanut	ohitta-nut 	2
 oikaistiin	oikais-tiin 	2
 oikein	oike-in 	2
 olen	ole-n 	2
 olevan	oleva-n 	2
 olevansa	oleva-nsa 	2
 oli	ol-i 	2
 olisi	ol-isi 	2
 olla	oll-a 	2
 ollutkaan	ollut-kaan 	2
 omasta	oma-sta 	2
 omia	omi-a 	2
 ongelmaan	ongelma-an 	2
 onkin	on-kin 	2
 onko	on-ko 	2
 opetusministeri	opetus-ministeri 	2
 osakekurssilla	osakekurssi-lla 	2
 osakesalkusta	osakesalku-sta 	2
 osaketta	osaket-ta 	2
 osakkeeksi	osakkee-ksi 	2
 osakkeen	osakkee-n 	2
 osalta	osa-lta 	2
 osviittaa	osviitta-a 	2
 ottaa	otta-a 	2
 Oulun	Oulu-n 	2
 pääministeri	pää-ministeri 	2
 päästä	pääst-ä 	2
 päästi	pääst-i 	2
 päätöksen	päätökse-n 	2
 päättäjänä	päättäjä-nä 	2
 päättämä	päättä-mä 	2
 päätyä	pääty-ä 	2
 pahoittelee	pahoittele-e 	2
 paikan	paika-n 	2
 paikasta	paika-sta 	2
 paikkaan	paikkaa-n 	2
 paikkamääränsä	paikkamäärä-nsä 	2
 paikkansa	paikka-nsa 	2
 painui	painu-i 	2
 painuminen	painu-minen 	2
 päivää	päivä-ä 	2
 päivänä	päivä-nä 	2
 päivät	päivä-t 	2
 palasi	palas-i 	2
 palauttanut	palautta-nut 	2
 palautui	palautu-i 	2
 paljastui	paljastu-i 	2
 paljastuu	paljastu-u 	2
 palvelun	palvelu-n 	2
 parasta	paras-ta 	2
 paremman	paremma-n 	2
 parlamentaarikon	parlamentaariko-n 	2
 parlamentin	parlamenti-n 	2
 parlamenttityölle	parlamenttityö-lle 	2
 perhevapaalla	perhevapaa-lla 	2
 perjantaina	perjantai-na 	2
 perjantaista	perjantais-ta 	2
 perusmatematiikan	perusmatematiika-n 	2
 peruspalveluministerinä	peruspalveluministeri-nä 	2
 perussuomalaisena	perussuomalaise-na 	2
 perussuomalaisen	perussuomalaise-n 	2
 perussuomalaiset	perussuomalaise-t 	2
 perussuomalaisten	perussuomalais-ten 	2
 perusteella	perustee-lla 	2
 pidetään	pide-tään 	2
 pidettävää	pidettävä-ä 	2
 pieneksi	piene-ksi 	2
 pienempi	piene-mpi 	2
 pienin	pieni-n 	2
 piensijoittaja	pien-sijoittaja 	2
 pintaan	pinta-an 	2
 pitää	pitä-ä 	2
 pitäisi	pitä-isi 	2
 pitänyt	pitä-nyt 	2
 piti	pit-i 	2
 pitkään	pitkä-än 	2
 pitkän	pitkä-n 	2
 plakkariin	plakkari-in 	2
 pohdinnan	pohdinna-n 	2
 poikkeukselliseksi	poikkeuksellise-ksi 	2
 poikkeuksellista	poikkeuksellis-ta 	2
 pointit	pointi-t 	2
 pokkasi	pokkas-i 	2
 poliisin	poliisi-n 	2
 poliitikon	poliitiko-n 	2
 poliitikot	poliitiko-t 	2
 poliittisen	poliittise-n 	2
 politiikkaa	politiikka-a 	2
 pompittiin	pompit-tiin 	2
 poseeraaminen	poseeraa-minen 	2
 poseerausta	poseeraus-ta 	2
 pottia	potti-a 	2
 pottiin	potti-in 	2
 pöydälle	pöydä-lle 	2
 presidentiksi	presidenti-ksi 	2
 presidentin	presidenti-n 	2
 presidenttikampanjassa	presidenttikampanja-ssa 	2
 presidenttinä	presidentti-nä 	2
 pronssilla	pronssi-lla 	2
 prosentilla	prosenti-lla 	2
 prosentista	prosenti-sta 	2
 prosenttia	prosentti-a 	2
 prosenttiin	prosentti-in 	2
 protestin	protesti-n 	2
 pudonnut	pudon-nut 	2
 puheenjohtaja	puheen-johtaja 	2
 puheenjohtajuus	puheen-johtajuus 	2
 puhemies	puhe-mies 	2
 puhisi	puhis-i 	2
 puhunut	puhu-nut 	2
 puhutaan	puhu-taan 	2
 puhuttiin	puhut-tiin 	2
 pulssikin	pulssi-kin 	2
 punaväriä	punaväri-ä 	2
 puntaroida	puntaroid-a 	2
 puolestaan	puolesta-an 	2
 puolet	puole-t 	2
 puolimaratonin	puolimaratoni-n 	2
 puolivälissä	puolivälis-sä 	2
 puolueen	puoluee-n 	2
 puolueensa	puoluee-nsa 	2
 puolueeseen	puoluee-seen 	2
 puolueesta	puoluee-sta 	2
 puoluetta	puoluet-ta 	2
 puun	puu-n 	2
 pyöritystä	pyöritys-tä 	2
 pyrkiä	pyrki-ä 	2
 pysynyt	pysy-nyt 	2
 pyysi	pyys-i 	2
 pyytää	pyytä-ä 	2
 rakennettiin	rakennet-tiin 	2
 riittänyt	riittä-nyt 	2
 riskipreemiota	riskipreemio-ta 	2
 romahduksesta	romahdukse-sta 	2
 roolia	rooli-a 	2
 ruusuiset	ruusuise-t 	2
 saada	saad-a 	2
 saaliiksi	saalii-ksi 	2
 sääntelyä	sääntely-ä 	2
 saanut	saa-nut 	2
 säässä	sää-ssä 	2
 säätöä	säätö-ä 	2
 saattaa	saatta-a 	2
 saattoi	saatto-i 	2
 sadalla	sada-lla 	2
 sadan	sada-n 	2
 sai	sa-i 	2
 säkenöinyt	säkenöi-nyt 	2
 salata	salat-a 	2
 salaukset	salaukse-t 	2
 saliin	sali-in 	2
 sanaisen	sanaise-n 	2
 sanoo	sano-o 	2
 sanottuun	sanottu-un 	2
 saralla	sara-lla 	2
 sarjan	sarja-n 	2
 S&D-ryhmän	S&D-ryhmän 	2
 seisoo	seiso-o 	2
 seitsemällä	seitsemä-llä 	2
 seitsemältä	seitsemä-ltä 	2
 sekoilun	sekoilu-n 	2
 selittyy	selitty-y 	2
 selvää	selvä-ä 	2
 selvinnyt	selvin-nyt 	2
 selvisi	selvis-i 	2
 senttiosakkeeksi	senttiosakkee-ksi 	2
 seuraajaa	seuraaja-a 	2
 seuraavana	seuraava-na 	2
 seuraavan	seuraava-n 	2
 seuraavat	seuraava-t 	2
 siirtyy	siirty-y 	2
 siitä	siit-ä 	2
 sijaan	sijaa-n 	2
 sijoittajat	sijoittaja-t 	2
 sijoittuu	sijoittu-u 	2
 silmänsä	silmä-nsä 	2
 siltä	si-ltä 	2
 siruyhtiön	siruyhtiö-n 	2
 sisäisellä	sisäise-llä 	2
 sitoutumattomana	sitoutumattoma-na 	2
 sitoutunut	sitoutu-nut 	2
 some-keskustelusta	some-keskustelusta 	2
 some-tutkijalle	some-tutkijalle 	2
 sosiaalisen	sosiaalise-n 	2
 sosiaalisessa	sosiaalise-ssa 	2
 sotaan	sota-an 	2
 splittauksella	splittaukse-lla 	2
 splittaushetkellä	splittaushetke-llä 	2
 splittausta	splittaus-ta 	2
 suhteessa	suhtee-ssa 	2
 sukkasillaan	sukkasilla-an 	2
 suli	sul-i 	2
 sunnuntaina	sunnuntai-na 	2
 suojattinsa	suojatti-nsa 	2
 suomalaisten	suomalais-ten 	2
 Suomen	Suome-n 	2
 Suomessa	Suome-ssa 	2
 Suomesta	Suome-sta 	2
 suosiolle	suosio-lle 	2
 suosiossa	suosio-ssa 	2
 suositaan	suosi-taan 	2
 suosituin	suositu-in 	2
 suuntaan	suuntaa-n 	2
 suurempi	suure-mpi 	2
 suurena	suure-na 	2
 suuren	suure-n 	2
 suurin	suur-in 	2
 suvereeniin	suvereeni-in 	2
 syksystä	syksy-stä 	2
 syksyyn	syksy-yn 	2
 syntyi	synty-i 	2
 syytökset	syytökse-t 	2
 syyttää	syyttä-ä 	2
 taakseen	taakse-en 	2
 taitoa	taito-a 	2
 Taka-alalle	Taka-alalle 	2
 takaisesta	takaise-sta 	2
 tällä	tä-llä 	2
 tälle	tä-lle 	2
 tämän	tämä-n 	2
 tänä	tä-nä 	2
 tapahtunut	tapahtu-nut 	2
 tarinan	tarina-n 	2
 tarinat-osiossa	tarinat-osiossa 	2
 tarinat	tarina-t 	2
 tarkasteluun	tarkastelu-un 	2
 tärkein	tärke-in 	2
 tarpeeseen	tarpee-seen 	2
 tasolla	taso-lla 	2
 tauon	tauo-n 	2
 taustalla	tausta-lla 	2
 tavalla	tava-lla 	2
 tavoitteen	tavoittee-n 	2
 täytti	täytt-i 	2
 teemana	teema-na 	2
 tehdään	teh-dään 	2
 tehnyt	teh-nyt 	2
 tehtävään	tehtävä-än 	2
 tehtävän	tehtävä-n 	2
 tehtävästä	tehtävä-stä 	2
 teini-ikäinen	teini-ikäinen 	2
 tekemiseksi	tekemise-ksi 	2
 tekemisessä	tekemise-ssä 	2
 tekevät	tekevä-t 	2
 teki	tek-i 	2
 tiedän	tiedä-n 	2
 tiedot	tiedo-t 	2
 tiedotti	tiedott-i 	2
 tiedotusväline	tiedotus-väline 	2
 tiedustelupäällikön	tiedustelupäällikö-n 	2
 tietoisuuteen	tietoisuute-en 	2
 tiiminä	tiimi-nä 	2
 Tiktok-sovelluksessa	Tiktok-sovelluksessa 	2
 tilannetta	tilannet-ta 	2
 tilannut	tilan-nut 	2
 tilanteessa	tilantee-ssa 	2
 tiuhaan	tiuha-an 	2
 tiukkana	tiukka-na 	2
 toimesta	toime-sta 	2
 toimii	toimi-i 	2
 toiminut	toimi-nut 	2
 toimittajana	toimittaja-na 	2
 toimitti	toimitt-i 	2
 toiseen	toise-en 	2
 toiselle	toise-lle 	2
 toiveet	toivee-t 	2
 torjuisi	torju-isi 	2
 torstaina	torstai-na 	2
 torstain	torstai-n 	2
 toteaa	totea-a 	2
 toteutettu	toteutet-tu 	2
 tukea	tuke-a 	2
 tulee	tule-e 	2
 tulevaisuuden	tulevaisuude-n 	2
 tulevaisuutta	tulevaisuut-ta 	2
 tulevaksi	tuleva-ksi 	2
 tulevat	tuleva-t 	2
 tullut	tul-lut 	2
 tuloksen	tulokse-n 	2
 tunnetuksi	tunnetu-ksi 	2
 tunnin	tunni-n 	2
 tunnustaa	tunnusta-a 	2
 tuntumassa	tuntuma-ssa 	2
 tuoda	tuod-a 	2
 tuomaristoa	tuomaristo-a 	2
 tuomiota	tuomio-ta 	2
 turvallisuuden	turvallisuude-n 	2
 tutkijana	tutkija-na 	2
 tutkintapyyntöön	tutkintapyyntö-ön 	2
 tuudittauduttu	tuudittaudut-tu 	2
 työn	työ-n 	2
 työskennellä	työskennell-ä 	2
 työskennellyt	työskennel-lyt 	2
 työskenteli	työskentel-i 	2
 tyyliin	tyyli-in 	2
 uhkakuvaretoriikka	uhka-kuvaretoriikka 	2
 unionin	unioni-n 	2
 uraa	ura-a 	2
 useat	usea-t 	2
 uskottavuutta	uskottavuut-ta 	2
 uudella	uude-lla 	2
 uutena	uute-na 	2
 uutta	uut-ta 	2
 vaalityössä	vaalityö-ssä 	2
 vaarassa	vaara-ssa 	2
 vahvan	vahva-n 	2
 vahvasta	vahva-sta 	2
 vahvin	vahv-in 	2
 vaiheessa	vaihee-ssa 	2
 vaihtaa	vaihta-a 	2
 vaikutusta	vaikutus-ta 	2
 vaivautunut	vaivautu-nut 	2
 vakavalla	vakava-lla 	2
 vakavana	vakava-na 	2
 väliä	väli-ä 	2
 valitaan	vali-taan 	2
 valittiin	valit-tiin 	2
 varasijalle	varasija-lle 	2
 varmisteleva	varmistele-va 	2
 Varsinais-Suomen	Varsinais-Suomen 	2
 vasemmistoliitolle	vasemmistoliito-lle 	2
 vasemmistoliiton	vasemmistoliito-n 	2
 vasemmistoliitossa	vasemmistoliito-ssa 	2
 vasemmistoliittoa	vasemmistoliitto-a 	2
 vasemmiston	vasemmisto-n 	2
 vasemmistopoliitikko	vasemmisto-poliitikko 	2
 vastaavana	vastaava-na 	2
 vastaavat	vastaava-t 	2
 vastavoima	vasta-voima 	2
 vastinetta	vastinet-ta 	2
 vastustajansa	vastustaja-nsa 	2
 vauhtiin	vauhti-in 	2
 velallisen	velallise-n 	2
 velvollisuutensa	velvollisuute-nsa 	2
 vertailussa	vertailu-ssa 	2
 viestii	viesti-i 	2
 viestinnän	viestinnä-n 	2
 viestintää	viestintä-ä 	2
 viestintäkoulutuskohun	viestintäkoulutuskohu-n 	2
 viestintänsä	viestintä-nsä 	2
 vihreät	vihreä-t 	2
 viidellä	viide-llä 	2
 viiden	viide-n 	2
 viikkoa	viikko-a 	2
 viikolla	viiko-lla 	2
 viikon	viiko-n 	2
 viisitoista	viisi-toista 	2
 virheen	virhee-n 	2
 voittava	voitta-va 	2
 voittoa	voitto-a 	2
 vuodelta	vuode-lta 	2
 vuoden	vuode-n 	2
 vuodesta	vuode-sta 	2
 vuodet	vuode-t 	2
 vuoksi	vuo-ksi 	2
 vuotta	vuot-ta 	2
 yhden	yhde-n 	2
 yhdistää	yhdistä-ä 	2
 yhdysvaltalaista	yhdysvaltalais-ta 	2
 yhteydessä	yhteyde-ssä 	2
 yhtiöksi	yhtiö-ksi 	2
 yhtiötä	yhtiö-tä 	2
 yksilölliseksi	yksilöllise-ksi 	2
 yksinkertaiset	yksinkertaise-t 	2
 yksittäisen	yksittäise-n 	2
 yksityishenkilö	yksityis-henkilö 	2
 yksityisyyden	yksityisyyde-n 	2
 ylivoimainen	yli-voimainen 	2
 yllätti	yllätt-i 	2
 yllätyksenä	yllätykse-nä 	2
 yltänyt	yltä-nyt 	2
 ymmärtänyt	ymmärtä-nyt 	2
 ympäristön	ympäristö-n 	2
 yöpaikka	yö-paikka 	2
 yritän	yritä-n 	2
 yritti	yritt-i 	2
 100-prosenttisesti	100-prosenttise-sti 	3
 1990-luvun	1990-luvu-n 	3
 40-vuotiaat	40-vuotiaa-t 	3
 äänellään	ääne-llä-än 	3
 äänelleen	ääne-lle-en 	3
 äänestäjille	äänestäj-i-lle 	3
 äänestäjistä	äänestäj-i-stä 	3
 äänestämään	äänestä-mä-än 	3
 äänestettiin	äänestet-ti-in 	3
 äänestyskäyttäytymistä	äänestys-käyttäytymis-tä 	3
 ääniä	ään-i-ä 	3
 äänimäärän	ääni-määrä-n 	3
 äänimäärästä	ääni-määrä-stä 	3
 äänisaaliita	äänisaali-i-ta 	3
 äänisaalistaan	äänisaalis-ta-an 	3
 ahdistavaksi	ahdista-va-ksi 	3
 aikoina	aiko-i-na 	3
 aikojen	aiko-j-en 	3
 ajateltua	ajatel-tu-a 	3
 ajattelevat	ajattele-va-t 	3
 aktivoituneet	aktivoitu-nee-t 	3
 alapuolelle	ala-puole-lle 	3
 aluevaaleissa	aluevaale-i-ssa 	3
 alustoilla	alusto-i-lla 	3
 ampumistapaus	ampu-mi-stapaus 	3
 analysoimassa	analysoi-ma-ssa 	3
 analysoituna	analysoi-tu-na 	3
 antavaa	anta-va-a 	3
 arvoja	arvo-j-a 	3
 arvokkaimmaksi	arvokka-imma-ksi 	3
 asioiden	asioid-e-n 	3
 asioita	asio-i-ta 	3
 asuntolainaa	asunto-laina-a 	3
 äyräiden	äyrä-i-den 	3
 budjettivaliokunnassa	budjettivalio-kunna-ssa 	3
 dollareihin	dollare-i-hin 	3
 edellisistä	edellis-i-stä 	3
 eduskunnan	edus-kunna-n 	3
 eduskunnassa	edus-kunna-ssa 	3
 eduskuntaan	edus-kunta-an 	3
 eduskuntavaalimenestyksensä	edus-kuntavaalimenestykse-nsä 	3
 elinkeinoministerinä	elin-keinoministeri-nä 	3
 elokuussa	elo-kuu-ssa 	3
 energiavaliokunnassa	energiavalio-kunna-ssa 	3
 ennakkoäänten	ennakko-ään-ten 	3
 ensin	ens-i-n 	3
 epäillystä	epäil-ly-stä 	3
 epämuodollista	epä-muodollis-ta 	3
 epäuskoisena	epä-uskoise-na 	3
 eroavat	eroa-va-t 	3
 esimerkiksi	esi-merki-ksi 	3
 estämään	estä-mä-än 	3
 EU-eron	EU-ero-n 	3
 euroihin	euro-i-hin 	3
 europarlamentaarikkoa	euro-parlamentaarikko-a 	3
 europarlamentaarikoksi	euro-parlamentaariko-ksi 	3
 europarlamentin	euro-parlamenti-n 	3
 europarlamentissa	euro-parlamenti-ssa 	3
 europarlamentista	euro-parlamenti-sta 	3
 europarlamenttiin	euro-parlamentti-in 	3
 europarlamenttipaikkaa	euro-parlamenttipaikka-a 	3
 eurovaaleissa	eurovaale-i-ssa 	3
 eurovaaleja	eurovaale-j-a 	3
 gallupeihin	gallupe-i-hin 	3
 gallupeissa	gallupe-i-ssa 	3
 haastatteluiden	haastattelu-i-den 	3
 hahmoihin	hahmo-i-hin 	3
 hallinneet	hallin-nee-t 	3
 hallituksissa	hallituks-i-ssa 	3
 hallituskaudella	hallitus-kaude-lla 	3
 haluavat	halua-va-t 	3
 heinäkuun	heinä-kuu-n 	3
 heistä	he-i-stä 	3
 heräämisensä	herää-mise-nsä 	3
 herättäneet	herättä-nee-t 	3
 hinnoiteltuna	hinnoitel-tu-na 	3
 hyökättyä	hyökät-ty-ä 	3
 hyppyään	hyppy-ä-än 	3
 hyvillä	hyv-i-llä 	3
 ilmastotavoitteille	ilmastotavoitte-i-lle 	3
 iloisia	ilois-i-a 	3
 ilosta	ilo-s-ta 	3
 italialaisia	italialais-i-a 	3
 IT-huuman	IT-huuma-n 	3
 itkettiin	itket-ti-in 	3
 itselleen	itse-lle-en 	3
 jääneet	jää-nee-t 	3
 jalkojen	jalko-j-en 	3
 järjestäjien	järjestäj-i-en 	3
 jäseninä	jäsen-i-nä 	3
 jäsenistä	jäsen-i-stä 	3
 jatkossa	jatko-s-sa 	3
 jatkuivat	jatku-i-vat 	3
 jättämän	jättä-mä-n 	3
 jättämässä	jättä-mä-ssä 	3
 jättävänsä	jättä-vä-nsä 	3
 johtokunnan	johto-kunna-n 	3
 joissa	jo-i-ssa 	3
 joista	jo-i-sta 	3
 jonkinlaista	jonkin-lais-ta 	3
 joukkueenjohtajat	joukkuee-njohtaja-t 	3
 julkaistua	julkais-tu-a 	3
 julkaisuja	julkaisu-j-a 	3
 kaikkien	kaikk-i-en 	3
 kannatushuipussaan	kannatushuipu-ssa-an 	3
 kannatusmittauksissa	kannatusmittauks-i-ssa 	3
 kansanedustajana	kansan-edustaja-na 	3
 kansanedustajan	kansan-edustaja-n 	3
 kansanliikkeen	kansan-liikkee-n 	3
 kansanryhmää	kansa-nryhmä-ä 	3
 kansanterveyden	kansan-terveyde-n 	3
 käsiteltiin	käsitel-ti-in 	3
 käsittelevän	käsittele-vä-n 	3
 kaudellaan	kaude-lla-an 	3
 kaudelleen	kaude-lle-en 	3
 kaupunginvaltuuston	kaupungin-valtuusto-n 	3
 kaupunginvaltuustossa	kaupungin-valtuusto-ssa 	3
 kävivät	käv-i-vät 	3
 käynnistyvät	käynnisty-vä-t 	3
 käytiin	käy-ti-in 	3
 kehittämisen	kehittä-mise-n 	3
 kehittämisestä	kehittä-mise-stä 	3
 keräämää	kerää-mä-ä 	3
 keräsivät	keräs-i-vät 	3
 kertoivat	kerto-i-vat 	3
 kertovat	kerto-va-t 	3
 kesäkuun	kesä-kuu-n 	3
 keskuspankin	keskus-panki-n 	3
 kiihottamisesta	kiihotta-mise-sta 	3
 kiinnostavimmat	kiinnostav-imma-t 	3
 kilpailukyvystä	kilpailu-kyvy-stä 	3
 kisojen	kiso-j-en 	3
 kohdistuvaa	kohdistu-va-a 	3
 kokopitkän	koko-pitkä-n 	3
 kolmiloikan	kolmi-loika-n 	3
 korkeammalla	korkea-mma-lla 	3
 korkojen	korko-j-en 	3
 korkoliikkeillä	korkoliikke-i-llä 	3
 koronlaskuodotukset	koro-nlaskuodotukse-t 	3
 korostuivat	korostu-i-vat 	3
 korruptoituneeksi	korruptoitu-nee-ksi 	3
 kortein	korte-i-n 	3
 kovemmat	kove-mma-t 	3
 kovia	kov-i-a 	3
 koviksi	kov-i-ksi 	3
 kuukauden	kuu-kaude-n 	3
 kuvailevat	kuvaile-va-t 	3
 kymmenesosalla	kymmenes-osa-lla 	3
 kymmenkertaisena	kymmen-kertaise-na 	3
 kysymyksiä	kysymyks-i-ä 	3
 kysymyksissä	kysymyks-i-ssä 	3
 läheisiksi	läheis-i-ksi 	3
 lähettämään	lähettä-mä-än 	3
 lähtevät	lähte-vä-t 	3
 lainsäädäntötyötä	lain-säädäntötyö-tä 	3
 laskevan	laske-va-n 	3
 laskevansa	laske-va-nsa 	3
 leikkaamiselle	leikkaa-mise-lle 	3
 leikkauksista	leikkauks-i-sta 	3
 liikenneministerinä	liikenne-ministeri-nä 	3
 liittymisestä	liitty-mise-stä 	3
 liittyvästä	liitty-vä-stä 	3
 liittyvät	liitty-vä-t 	3
 linjaeroja	linjaero-j-a 	3
 lisäpöytäkirjassa	lisäpöytä-kirja-ssa 	3
 loistivat	loist-i-vat 	3
 lomia	lom-i-a 	3
 loppuviikosta	loppu-viiko-sta 	3
 loppuvuodesta	loppu-vuode-sta 	3
 loukkaamisesta	loukkaa-mise-sta 	3
 löydettävissä	löydettäv-i-ssä 	3
 luottivat	luott-i-vat 	3
 lyhyiden	lyhy-i-den 	3
 maahanmuutosta	maahan-muuto-sta 	3
 maajoukkueen	maa-joukkuee-n 	3
 maaliskuun	maalis-kuu-n 	3
 maanmiehensä	maan-miehe-nsä 	3
 maaseudun	maa-seudu-n 	3
 maatalouden	maa-taloude-n 	3
 markkinoiden	markkinoid-e-n 	3
 markkinoilla	markkino-i-lla 	3
 marraskuun	marras-kuu-n 	3
 matkailuvaliokunnassa	matkailuvalio-kunna-ssa 	3
 menettämänsä	menettä-mä-nsä 	3
 menettivät	menett-i-vät 	3
 menikö	men-i-kö 	3
 menimme	men-i-mme 	3
 menossa	meno-s-sa 	3
 merkkejä	merkke-j-ä 	3
 miehiä	mieh-i-ä 	3
 mielessään	miele-ssä-än 	3
 mielikuvan	mieli-kuva-n 	3
 ministeripäiviä	ministeripäiv-i-ä 	3
 mittalaiteongelmien	mittalaiteongelm-i-en 	3
 molemmille	molemm-i-lle 	3
 muiden	mu-i-den 	3
 muilla	mu-i-lla 	3
 mukavampaa	mukava-mpa-a 	3
 muutkin	muu-t-kin 	3
 myönnetyn	myönnet-y-n 	3
 nähtiin	näh-ti-in 	3
 näiden	nä-i-den 	3
 naisia	nais-i-a 	3
 näitä	nä-i-tä 	3
 niille	ni-i-lle 	3
 noista	no-i-sta 	3
 nousseen	nous-see-n 	3
 nousseet	nous-see-t 	3
 odottamaan	odotta-ma-an 	3
 ohjauskorkoa	ohjaus-korko-a 	3
 oikeistohallituksen	oikeisto-hallitukse-n 	3
 oikeistolaisemmaksi	oikeistolaise-mma-ksi 	3
 oikeuksien	oikeuks-i-en 	3
 oikeusministerinä	oikeus-ministeri-nä 	3
 olankohautuksella	olan-kohautukse-lla 	3
 oliko	ol-i-ko 	3
 olimme	ol-i-mme 	3
 olisin	ol-isi-n 	3
 olisivat	ol-isi-vat 	3
 olivat	ol-i-vat 	3
 ollessa	oll-e-ssa 	3
 omistajia	omistaj-i-a 	3
 omistamaan	omista-ma-an 	3
 omistavan	omista-va-n 	3
 onnellisia	onnellis-i-a 	3
 opetusministerinä	opetus-ministeri-nä 	3
 opetusministerin	opetus-ministeri-n 	3
 oppivat	oppi-va-t 	3
 osakekursseilla	osakekursse-i-lla 	3
 osakkeiden	osakke-i-den 	3
 osakkeissa	osakke-i-ssa 	3
 osakkeita	osakke-i-ta 	3
 osia	os-i-a 	3
 osiin	os-i-in 	3
 osoittavat	osoitta-va-t 	3
 pääesikunnan	pää-esikunna-n 	3
 päämajan	pää-maja-n 	3
 päänvaivaa	pään-vaiva-a 	3
 pääsemässä	pääse-mä-ssä 	3
 pääsevät	pääse-vä-t 	3
 pääsisin	pääs-isi-n 	3
 päästöjen	päästö-j-en 	3
 päättelivät	päättel-i-vät 	3
 päättivät	päätt-i-vät 	3
 päätyivät	pääty-i-vät 	3
 paikkamääräänsä	paikkamäärä-ä-nsä 	3
 pärjäävät	pärjää-vä-t 	3
 perussuomalaisille	perussuomalais-i-lle 	3
 pidemmälle	pide-mmä-lle 	3
 pienempiin	piene-mpi-in 	3
 piirilevyjä	piirilevy-j-ä 	3
 pikavoitosta	pika-voito-sta 	3
 pitäisikö	pitä-isi-kö 	3
 pörssilistan	pörssi-lista-n 	3
 pöytäkirjasta	pöytä-kirja-sta 	3
 presidentinvaalit	presidentin-vaali-t 	3
 presidenttiehdokkaan	presidentti-ehdokkaa-n 	3
 prosenttiyksikköä	prosentti-yksikkö-ä 	3
 puheenjohtajaksi	puheen-johtaja-ksi 	3
 puheenjohtajana	puheen-johtaja-na 	3
 puheenjohtajan	puheen-johtaja-n 	3
 puheenjohtajuudelle	puheen-johtajuude-lle 	3
 puheenjohtajuudesta	puheen-johtajuude-sta 	3
 punavihreään	puna-vihreä-än 	3
 punavihreän	puna-vihreä-n 	3
 puolueellisuusspekulaatioita	puolueellisuusspekulaatio-i-ta 	3
 puolueiden	puolue-i-den 	3
 puolueille	puolue-i-lle 	3
 puolueissa	puolue-i-ssa 	3
 puoluekannalla	puolue-kanna-lla 	3
 puoluekokouksessa	puolue-kokoukse-ssa 	3
 puolueuskollisuutta	puolue-uskollisuut-ta 	3
 puolustusvaliokunnan	puolustusvalio-kunna-n 	3
 rahapolitiikkaan	raha-politiikka-an 	3
 rakensivat	rakens-i-vat 	3
 riehakkaiksi	riehakka-i-ksi 	3
 rikastuneensa	rikastu-nee-nsa 	3
 rivien	riv-i-en 	3
 runoharrastuksestaan	runoharrastukse-sta-an 	3
 ruotsalaismedian	ruotsalai-smedia-n 	3
 saadun	saa-du-n 	3
 saaneeseen	saa-nee-seen 	3
 saikin	sa-i-kin 	3
 säilyttivät	säilytt-i-vät 	3
 satoihin	sato-i-hin 	3
 siirtyneen	siirty-nee-n 	3
 sijoittajista	sijoittaj-i-sta 	3
 silloin	sillo-i-n 	3
 silmäpusseista	silmäpusse-i-sta 	3
 silmissä	silm-i-ssä 	3
 sisäministerinä	sisä-ministeri-nä 	3
 sokeita	soke-i-ta 	3
 sosiaalipolitiikan	sosiaali-politiika-n 	3
 splittauksia	splittauks-i-a 	3
 suhteutettuna	suhteutet-tu-na 	3
 sukupuolten	suku-puol-ten 	3
 sulaneet	sula-nee-t 	3
 suupielet	suu-piele-t 	3
 suurimman	suur-imma-n 	3
 syitä	sy-i-tä 	3
 syytöksiksi	syytöks-i-ksi 	3
 syytteitä	syytte-i-tä 	3
 tahtovat	tahto-va-t 	3
 talletuskorkoa	talletus-korko-a 	3
 taloudenhoitajana	talouden-hoitaja-na 	3
 talouspolitiikassa	talous-politiika-ssa 	3
 talouspolitiikkaan	talous-politiikka-an 	3
 tämänkertaiset	tämän-kertaise-t 	3
 tarjoavan	tarjoa-va-n 	3
 tärkeiksi	tärke-i-ksi 	3
 tärkeintä	tärke-in-tä 	3
 tarkoitetulla	tarkoitet-u-lla 	3
 tarkoitetut	tarkoitet-u-t 	3
 tasa-arvon	tasa-arvo-n 	3
 tehtäväkseen	tehtävä-kse-en 	3
 tehtävätkin	tehtävä-t-kin 	3
 tehtäviä	tehtäv-i-ä 	3
 tehtäville	tehtäv-i-lle 	3
 tehtävistä	tehtäv-i-stä 	3
 tekemään	teke-mä-än 	3
 tekoälybuumia	teko-älybuumi-a 	3
 tekoälyn	teko-äly-n 	3
 tekoälyyn	teko-äly-yn 	3
 teollisuuspolitiikkaan	teollisuus-politiikka-an 	3
 terveysvaliokunnan	terveysvalio-kunna-n 	3
 tietoja	tieto-j-a 	3
 tietokoneen	tieto-konee-n 	3
 tietynlaista	tietyn-lais-ta 	3
 tilanneet	tilan-nee-t 	3
 tiukempaa	tiuke-mpa-a 	3
 todellisiksi	todellis-i-ksi 	3
 todennäköisenä	toden-näköise-nä 	3
 töihin	tö-i-hin 	3
 toimiiko	toimi-i-ko 	3
 toiminnanjohtajana	toiminnan-johtaja-na 	3
 toimittajia	toimittaj-i-a 	3
 totesivat	totes-i-vat 	3
 toukokuun	touko-kuu-n 	3
 tuhansiin	tuhans-i-in 	3
 tulevaisuusvaliokunnan	tulevaisuusvalio-kunna-n 	3
 tulevissa	tulev-i-ssa 	3
 tulleet	tul-lee-t 	3
 tuntemaan	tunte-ma-an 	3
 turvallisuuspoliittista	turvallisuus-poliittis-ta 	3
 turvallisuusteemoilla	turvallisuusteemo-i-lla 	3
 tutkijallekin	tutkija-lle-kin 	3
 tutkijanuraa	tutkijan-ura-a 	3
 ulkoministeriksi	ulko-ministeri-ksi 	3
 useiden	use-i-den 	3
 uskalletaanko	uskalle-taan-ko 	3
 uudistamiselle	uudista-mise-lle 	3
 uurnille	uurn-i-lle 	3
 vaaleissa	vaale-i-ssa 	3
 vaaleista	vaale-i-sta 	3
 vaalien	vaali-e-n 	3
 vaaligallupien	vaaligallup-i-en 	3
 vaalikaudella	vaali-kaude-lla 	3
 vaalipiirin	vaali-piiri-n 	3
 vaalipiiristä	vaali-piiri-stä 	3
 vaalitulosten	vaali-tulos-ten 	3
 vaalivalvojaisissa	vaalivalvojais-i-ssa 	3
 vaativissa	vaativ-i-ssa 	3
 vähäisiä	vähäis-i-ä 	3
 vahvuuksia	vahvuuks-i-a 	3
 vaihtoehtona	vaihto-ehto-na 	3
 vaikutusvaltaisin	vaikutus-valtais-in 	3
 väitteitä	väitte-i-tä 	3
 vakavailmeistä	vakava-ilmeis-tä 	3
 valiokunnan	valio-kunna-n 	3
 valiokunnassa	valio-kunna-ssa 	3
 vallankumousta	vallan-kumous-ta 	3
 valmistavia	valmistav-i-a 	3
 valtiovarainministeri	valtio-varain-ministeri 	3
 varapuheenjohtaja	vara-puheen-johtaja 	3
 varaslähdön	varas-lähdö-n 	3
 vastauksissa	vastauks-i-ssa 	3
 vauhdittamana	vauhditta-ma-na 	3
 verkostoitumista	verkostoitu-mis-ta 	3
 viestejä	vieste-j-ä 	3
 viestinnästään	viestinnä-stä-än 	3
 viestivät	viesti-vä-t 	3
 vihreiden	vihre-i-den 	3
 vihreissä	vihre-i-ssä 	3
 viitekorkona	viite-korko-na 	3
 vuosina	vuos-i-na 	3
 vuosista	vuos-i-sta 	3
 vyöryivät	vyöry-i-vät 	3
 ydinvoimaluvan	ydin-voimaluva-n 	3
 yksikköhinnan	yksikkö-hinna-n 	3
 yksityiselämästä	yksityis-elämä-stä 	3
 yläpuolelle	ylä-puole-lle 	3
 ylilyönnin	yli-lyönni-n 	3
 yllätystulokselle	yllätys-tulokse-lle 	3
 ympäristöministerinä	ympäristö-ministeri-nä 	3
 ympäristöpolitiikkaa	ympäristö-politiikka-a 	3
 40-vuotiaiden	40-vuotia-i-den 	4
 äänestäessään	äänestä-e-ssä-än 	4
 äänestettäessä	äänestet-tä-e-ssä 	4
 arkaluonteisia	arka-luonteis-i-a 	4
 asuntokunnista	asunto-kunn-i-sta 	4
 eduskuntaryhmän	edus-kunta-ryhmä-n 	4
 eduskuntaryhmänsä	edus-kunta-ryhmä-nsä 	4
 eduskuntatyön	edus-kunta-työ-n 	4
 eduskuntatyöstä	edus-kunta-työ-stä 	4
 eduskuntavaaleissa	edus-kuntavaale-i-ssa 	4
 elintarvikkeiden	elin-tarvikke-i-den 	4
 ennallistamissääntelylle	ennallista-mi-ssääntely-lle 	4
 esitutkintapöytäkirjat	esi-tutkintapöytä-kirja-t 	4
 EU-asioista	EU-asio-i-sta 	4
 EU-asioita	EU-asio-i-ta 	4
 europarlamenttiuraansa	euro-parlamenttiura-a-nsa 	4
 europarlamenttivaaleissa	euro-parlamenttivaale-i-ssa 	4
 EU-vaaleissa	EU-vaale-i-ssa 	4
 EU-vaalien	EU-vaal-i-en 	4
 haikailevia	haikaile-v-i-a 	4
 havaittavissa	havait-tav-i-ssa 	4
 jäädäkseen	jääd-ä-kse-en 	4
 jääneissä	jää-ne-i-ssä 	4
 kansanedustajuuttaan	kansa-nedustajuut-ta-an 	4
 keräämällään	kerää-mä-llä-än 	4
 lakivaliokunnan	laki-valio-kunna-n 	4
 liikepankkien	liike-pankk-i-en 	4
 liittyviä	liitty-v-i-ä 	4
 liittyvissä	liitty-v-i-ssä 	4
 lisätutkintapöytäkirjasta	lisätutkinta-pöytä-kirja-sta 	4
 näkyvimpiin	näkyv-imp-i-in 	4
 presidentinvaaleissa	presidentin-vaale-i-ssa 	4
 punavihreistä	puna-vihre-i-stä 	4
 raha-asioiden	raha-asio-i-den 	4
 reilummin	reilu-mm-i-n 	4
 rohkeammin	rohkea-mm-i-n 	4
 saavutettavissa	saavutet-tav-i-ssa 	4
 salattaviksi	salat-tav-i-ksi 	4
 silmiään	silm-i-ä-än 	4
 suomalaisäänestäjistä	suomalai-säänestäj-i-stä 	4
 suunnitelmiaan	suunnitelm-i-a-an 	4
 tekoälysiruilla	teko-älysiru-i-lla 	4
 tilintarkastustuomioistuimeen	tilin-tarkastustuomio-istuime-en 	4
 toisilleen	tois-i-lle-en 	4
 toisistaan	tois-i-sta-an 	4
 tuettuja	tuet-tu-j-a 	4
 tulevaisuudennäkymistä	tulevaisuuden-näkym-i-stä 	4
 uhkakuvia	uhka-kuv-i-a 	4
 useammin	usea-mm-i-n 	4
 vaalitenteissä	vaali-tente-i-ssä 	4
 vaaliuurnilta	vaali-uurn-i-lta 	4
 vaikutusvaltaisimmaksi	vaikutus-valtais-imma-ksi 	4
 vaikutusvaltaisimman	vaikutus-valtais-imma-n 	4
 valiokuntajäsenyyksiä	valio-kuntajäsenyyks-i-ä 	4
 vanhempainvapaalle	vanhempa-i-nvapaa-lle 	4
 varapuheenjohtajana	vara-puheen-johtaja-na 	4
 vastaääniä	vasta-ään-i-ä 	4
 ohjauskorkojaan	ohjaus-korko-j-a-an 	5
 perustuslakivaliokunnan	perustus-laki-valio-kunna-n 	5
 ulkoasiainvaliokunnan	ulko-asiain-valio-kunna-n 	5
